venue,matches
Eden Gardens,77
Wankhede Stadium,72
M Chinnaswamy Stadium,62
Feroz Shah Kotla,59
"Wankhede Stadium, Mumbai",52
"Rajiv Gandhi International Stadium, Uppal",48
Sawai Mansingh Stadium,47
"MA Chidambaram Stadium, Chepauk",47
Dubai International Cricket Stadium,43
"Punjab Cricket Association Stadium, Mohali",35
"MA Chidambaram Stadium, Chepauk, Chennai",33
"Narendra Modi Stadium, Ahmedabad",33
Sharjah Cricket Stadium,28
Sheikh Zayed Stadium,27
Maharashtra Cricket Association Stadium,22
"Arun Jaitley Stadium, Delhi",22
"Eden Gardens, Kolkata",22
"Bharat Ratna Shri Atal Bihari Vajpayee Ekana Cricket Stadium, Lucknow",21
"Dr DY Patil Sports Academy, Mumbai",20
"M Chinnaswamy Stadium, Bengaluru",19
"Rajiv Gandhi International Stadium, Uppal, Hyderabad",18
Dr DY Patil Sports Academy,17
"Sawai Mansingh Stadium, Jaipur",17
"Brabourne Stadium, Mumbai",17
Subrata Roy Sahara Stadium,16
Kingsmead,15
Rajiv Gandhi International Stadium,15
M.Chinnaswamy Stadium,14
Dr. Y.S. Rajasekhara Reddy ACA-VDCA Cricket Stadium,13
"Maharashtra Cricket Association Stadium, Pune",13
Arun Jaitley Stadium,13
SuperSport Park,12
"Sardar Patel Stadium, Motera",11
"Punjab Cricket Association IS Bindra Stadium, Mohali",11
Punjab Cricket Association IS Bindra Stadium,10
Brabourne Stadium,10
"Maharaja Yadavindra Singh International Cricket Stadium, Mullanpur",10
Saurashtra Cricket Association Stadium,9
MA Chidambaram Stadium,9
Holkar Cricket Stadium,9
Himachal Pradesh Cricket Association Stadium,9
New Wanderers Stadium,8
"Zayed Cricket Stadium, Abu Dhabi",8
JSCA International Stadium Complex,7
Barabati Stadium,7
St George's Park,7
Shaheed Veer Narayan Singh International Stadium,6
Newlands,6
"Himachal Pradesh Cricket Association Stadium, Dharamsala",5
"Punjab Cricket Association IS Bindra Stadium, Mohali, Chandigarh",5
"Barsapara Cricket Stadium, Guwahati",5
Nehru Stadium,5
Green Park,4
"Dr. Y.S. Rajasekhara Reddy ACA-VDCA Cricket Stadium, Visakhapatnam",4
Buffalo Park,3
"Vidarbha Cricket Association Stadium, Jamtha",3
De Beers Diamond Oval,3
OUTsurance Oval,2
"Maharaja Yadavindra Singh International Cricket Stadium, New Chandigarh",1
