mean_fit_time,std_fit_time,mean_score_time,std_score_time,param_rf__max_depth,param_rf__max_features,param_rf__min_samples_split,param_rf__n_estimators,params,split0_test_score,split1_test_score,split2_test_score,split3_test_score,split4_test_score,mean_test_score,std_test_score,rank_test_score
1.9089653968811036,0.1944829071836536,0.20828619003295898,0.0162484633110076,,sqrt,10,400,"{'rf__max_depth': None, 'rf__max_features': 'sqrt', 'rf__min_samples_split': 10, 'rf__n_estimators': 400}",0.9581699346405229,0.9581699346405229,0.9581699346405229,0.9581699346405229,0.9581699346405229,0.9581699346405228,1.1102230246251565e-16,1
0.4709913730621338,0.022654866808973124,0.14330801963806153,0.00788954229484235,,sqrt,10,100,"{'rf__max_depth': None, 'rf__max_features': 'sqrt', 'rf__min_samples_split': 10, 'rf__n_estimators': 100}",0.9581699346405229,0.9581699346405229,0.9581699346405229,0.9581699346405229,0.9581699346405229,0.9581699346405228,1.1102230246251565e-16,1
1.6892711639404296,0.06682784594244309,0.18169622421264647,0.0029732508193304817,3,log2,2,400,"{'rf__max_depth': 3, 'rf__max_features': 'log2', 'rf__min_samples_split': 2, 'rf__n_estimators': 400}",0.9581699346405229,0.9581699346405229,0.9581699346405229,0.9581699346405229,0.9581699346405229,0.9581699346405228,1.1102230246251565e-16,1
0.4150818347930908,0.009783275896106274,0.08771142959594727,0.013263314629810565,3,log2,5,100,"{'rf__max_depth': 3, 'rf__max_features': 'log2', 'rf__min_samples_split': 5, 'rf__n_estimators': 100}",0.9581699346405229,0.9581699346405229,0.9581699346405229,0.9581699346405229,0.9581699346405229,0.9581699346405228,1.1102230246251565e-16,1
1.658757209777832,0.05598458947611794,0.18587760925292968,0.010611424850300005,3,sqrt,2,400,"{'rf__max_depth': 3, 'rf__max_features': 'sqrt', 'rf__min_samples_split': 2, 'rf__n_estimators': 400}",0.9581699346405229,0.9581699346405229,0.9581699346405229,0.9581699346405229,0.9581699346405229,0.9581699346405228,1.1102230246251565e-16,1
0.40632009506225586,0.01333232031266267,0.07681479454040527,0.0047381157882403,3,sqrt,5,100,"{'rf__max_depth': 3, 'rf__max_features': 'sqrt', 'rf__min_samples_split': 5, 'rf__n_estimators': 100}",0.9581699346405229,0.9581699346405229,0.9581699346405229,0.9581699346405229,0.9581699346405229,0.9581699346405228,1.1102230246251565e-16,1
0.40758838653564455,0.008539745909209749,0.07726378440856933,0.00814359269771909,3,sqrt,10,100,"{'rf__max_depth': 3, 'rf__max_features': 'sqrt', 'rf__min_samples_split': 10, 'rf__n_estimators': 100}",0.9581699346405229,0.9581699346405229,0.9581699346405229,0.9581699346405229,0.9581699346405229,0.9581699346405228,1.1102230246251565e-16,1
0.4188989162445068,0.007413130305370039,0.07966656684875488,0.0010481275389637073,3,log2,2,100,"{'rf__max_depth': 3, 'rf__max_features': 'log2', 'rf__min_samples_split': 2, 'rf__n_estimators': 100}",0.9581699346405229,0.9581699346405229,0.9581699346405229,0.9581699346405229,0.9581699346405229,0.9581699346405228,1.1102230246251565e-16,1
0.41351165771484377,0.021932613786191095,0.08010001182556152,0.005110440648479438,3,log2,10,100,"{'rf__max_depth': 3, 'rf__max_features': 'log2', 'rf__min_samples_split': 10, 'rf__n_estimators': 100}",0.9581699346405229,0.9581699346405229,0.9581699346405229,0.9581699346405229,0.9581699346405229,0.9581699346405228,1.1102230246251565e-16,1
0.44622139930725097,0.02300650463138827,0.09056024551391602,0.012663574909892956,3,sqrt,2,100,"{'rf__max_depth': 3, 'rf__max_features': 'sqrt', 'rf__min_samples_split': 2, 'rf__n_estimators': 100}",0.9581699346405229,0.9581699346405229,0.9581699346405229,0.9581699346405229,0.9581699346405229,0.9581699346405228,1.1102230246251565e-16,1
1.7025543212890626,0.06292698074892862,0.19403667449951173,0.005447659823371676,,log2,10,400,"{'rf__max_depth': None, 'rf__max_features': 'log2', 'rf__min_samples_split': 10, 'rf__n_estimators': 400}",0.9581699346405229,0.9581699346405229,0.9581699346405229,0.9581699346405229,0.9581699346405229,0.9581699346405228,1.1102230246251565e-16,1
0.43610196113586425,0.00795123672110309,0.08294134140014649,0.011716392327730012,,log2,10,100,"{'rf__max_depth': None, 'rf__max_features': 'log2', 'rf__min_samples_split': 10, 'rf__n_estimators': 100}",0.9581699346405229,0.9581699346405229,0.9581699346405229,0.9581699346405229,0.9581699346405229,0.9581699346405228,1.1102230246251565e-16,1
1.8327794075012207,0.11762618819502041,0.2307440757751465,0.024156633841498763,10,sqrt,10,400,"{'rf__max_depth': 10, 'rf__max_features': 'sqrt', 'rf__min_samples_split': 10, 'rf__n_estimators': 400}",0.9581699346405229,0.9581699346405229,0.9581699346405229,0.9581699346405229,0.9581699346405229,0.9581699346405228,1.1102230246251565e-16,1
0.4551706790924072,0.017075417250004984,0.09891719818115234,0.020446125763636806,10,sqrt,10,100,"{'rf__max_depth': 10, 'rf__max_features': 'sqrt', 'rf__min_samples_split': 10, 'rf__n_estimators': 100}",0.9581699346405229,0.9581699346405229,0.9581699346405229,0.9581699346405229,0.9581699346405229,0.9581699346405228,1.1102230246251565e-16,1
0.46202497482299804,0.027517335972546207,0.09324851036071777,0.010021213583724035,10,log2,10,100,"{'rf__max_depth': 10, 'rf__max_features': 'log2', 'rf__min_samples_split': 10, 'rf__n_estimators': 100}",0.9581699346405229,0.9581699346405229,0.9581699346405229,0.9581699346405229,0.9581699346405229,0.9581699346405228,1.1102230246251565e-16,1
1.8718512535095215,0.12132388886404029,0.22363595962524413,0.02659163658638762,10,log2,10,400,"{'rf__max_depth': 10, 'rf__max_features': 'log2', 'rf__min_samples_split': 10, 'rf__n_estimators': 400}",0.9581699346405229,0.9581699346405229,0.9581699346405229,0.9581699346405229,0.9581699346405229,0.9581699346405228,1.1102230246251565e-16,1
0.4734785556793213,0.03758891153282667,0.09293880462646484,0.009635048959365575,5,sqrt,10,100,"{'rf__max_depth': 5, 'rf__max_features': 'sqrt', 'rf__min_samples_split': 10, 'rf__n_estimators': 100}",0.9581699346405229,0.9581699346405229,0.9581699346405229,0.9581699346405229,0.9581699346405229,0.9581699346405228,1.1102230246251565e-16,1
1.8679918766021728,0.026984667728038234,0.23537092208862304,0.024450894226112605,5,sqrt,10,400,"{'rf__max_depth': 5, 'rf__max_features': 'sqrt', 'rf__min_samples_split': 10, 'rf__n_estimators': 400}",0.9581699346405229,0.9581699346405229,0.9581699346405229,0.9581699346405229,0.9581699346405229,0.9581699346405228,1.1102230246251565e-16,1
1.7751670837402345,0.1049017544235914,0.2143259048461914,0.012543596440215517,5,log2,10,400,"{'rf__max_depth': 5, 'rf__max_features': 'log2', 'rf__min_samples_split': 10, 'rf__n_estimators': 400}",0.9581699346405229,0.9581699346405229,0.9581699346405229,0.9581699346405229,0.9581699346405229,0.9581699346405228,1.1102230246251565e-16,1
0.4639125347137451,0.020119778782252736,0.13519821166992188,0.015729716508023867,5,log2,10,100,"{'rf__max_depth': 5, 'rf__max_features': 'log2', 'rf__min_samples_split': 10, 'rf__n_estimators': 100}",0.9581699346405229,0.9581699346405229,0.9581699346405229,0.9581699346405229,0.9581699346405229,0.9581699346405228,1.1102230246251565e-16,1
1.7706724166870118,0.1357114286023979,0.18076105117797853,0.006663326779641622,,log2,2,400,"{'rf__max_depth': None, 'rf__max_features': 'log2', 'rf__min_samples_split': 2, 'rf__n_estimators': 400}",0.9153439153439153,0.9581699346405229,0.9581699346405229,0.9581699346405229,0.9581699346405229,0.9496047307812014,0.017130407718643024,21
0.9728176116943359,0.021107353062828554,0.12349615097045899,0.00846321625830336,,log2,2,200,"{'rf__max_depth': None, 'rf__max_features': 'log2', 'rf__min_samples_split': 2, 'rf__n_estimators': 200}",0.9153439153439153,0.9581699346405229,0.9581699346405229,0.9581699346405229,0.9581699346405229,0.9496047307812014,0.017130407718643024,21
0.49857158660888673,0.02758345900798132,0.11407008171081542,0.008586224270794016,,log2,2,100,"{'rf__max_depth': None, 'rf__max_features': 'log2', 'rf__min_samples_split': 2, 'rf__n_estimators': 100}",0.9153439153439153,0.9581699346405229,0.9581699346405229,0.9581699346405229,0.9581699346405229,0.9496047307812014,0.017130407718643024,21
1.0614802360534668,0.09492863667819848,0.2074906349182129,0.03912295353019814,,sqrt,10,200,"{'rf__max_depth': None, 'rf__max_features': 'sqrt', 'rf__min_samples_split': 10, 'rf__n_estimators': 200}",0.9153439153439153,0.9581699346405229,0.9581699346405229,0.9581699346405229,0.9581699346405229,0.9496047307812014,0.017130407718643024,21
1.0914537906646729,0.07769959741407838,0.14358868598937988,0.01107403518387111,,sqrt,5,200,"{'rf__max_depth': None, 'rf__max_features': 'sqrt', 'rf__min_samples_split': 5, 'rf__n_estimators': 200}",0.9153439153439153,0.9581699346405229,0.9581699346405229,0.9581699346405229,0.9581699346405229,0.9496047307812014,0.017130407718643024,21
1.8168359756469727,0.05925285250759294,0.3381656646728516,0.05650583931862676,,sqrt,5,400,"{'rf__max_depth': None, 'rf__max_features': 'sqrt', 'rf__min_samples_split': 5, 'rf__n_estimators': 400}",0.9153439153439153,0.9581699346405229,0.9581699346405229,0.9581699346405229,0.9581699346405229,0.9496047307812014,0.017130407718643024,21
1.800145721435547,0.07139113894881974,0.23211727142333985,0.02990303918431933,,sqrt,2,400,"{'rf__max_depth': None, 'rf__max_features': 'sqrt', 'rf__min_samples_split': 2, 'rf__n_estimators': 400}",0.9153439153439153,0.9581699346405229,0.9581699346405229,0.9581699346405229,0.9581699346405229,0.9496047307812014,0.017130407718643024,21
0.4724381446838379,0.022632322292029872,0.12261404991149902,0.030870971505150738,,sqrt,5,100,"{'rf__max_depth': None, 'rf__max_features': 'sqrt', 'rf__min_samples_split': 5, 'rf__n_estimators': 100}",0.9153439153439153,0.9581699346405229,0.9581699346405229,0.9581699346405229,0.9581699346405229,0.9496047307812014,0.017130407718643024,21
1.6636093616485597,0.07666451985991743,0.18682374954223632,0.011130281180960126,3,sqrt,10,400,"{'rf__max_depth': 3, 'rf__max_features': 'sqrt', 'rf__min_samples_split': 10, 'rf__n_estimators': 400}",0.9153439153439153,0.9581699346405229,0.9581699346405229,0.9581699346405229,0.9581699346405229,0.9496047307812014,0.017130407718643024,21
0.8636605262756347,0.03903100928073239,0.10866823196411132,0.004961236658062306,3,sqrt,10,200,"{'rf__max_depth': 3, 'rf__max_features': 'sqrt', 'rf__min_samples_split': 10, 'rf__n_estimators': 200}",0.9153439153439153,0.9581699346405229,0.9581699346405229,0.9581699346405229,0.9581699346405229,0.9496047307812014,0.017130407718643024,21
1.6530301570892334,0.06046990082939743,0.18247179985046386,0.005301930566625073,3,sqrt,5,400,"{'rf__max_depth': 3, 'rf__max_features': 'sqrt', 'rf__min_samples_split': 5, 'rf__n_estimators': 400}",0.9153439153439153,0.9581699346405229,0.9581699346405229,0.9581699346405229,0.9581699346405229,0.9496047307812014,0.017130407718643024,21
0.8564805507659912,0.03530854502247771,0.11101689338684081,0.004536039062696109,3,sqrt,5,200,"{'rf__max_depth': 3, 'rf__max_features': 'sqrt', 'rf__min_samples_split': 5, 'rf__n_estimators': 200}",0.9153439153439153,0.9581699346405229,0.9581699346405229,0.9581699346405229,0.9581699346405229,0.9496047307812014,0.017130407718643024,21
0.8570244789123536,0.05474688265491336,0.11848459243774415,0.006749455305188733,3,log2,2,200,"{'rf__max_depth': 3, 'rf__max_features': 'log2', 'rf__min_samples_split': 2, 'rf__n_estimators': 200}",0.9153439153439153,0.9581699346405229,0.9581699346405229,0.9581699346405229,0.9581699346405229,0.9496047307812014,0.017130407718643024,21
0.8831439971923828,0.06150649948547596,0.11759910583496094,0.0042139668115492804,3,log2,5,200,"{'rf__max_depth': 3, 'rf__max_features': 'log2', 'rf__min_samples_split': 5, 'rf__n_estimators': 200}",0.9153439153439153,0.9581699346405229,0.9581699346405229,0.9581699346405229,0.9581699346405229,0.9496047307812014,0.017130407718643024,21
1.7201715946197509,0.07103647595529371,0.18648290634155273,0.012723091935493033,,,2,400,"{'rf__max_depth': None, 'rf__max_features': None, 'rf__min_samples_split': 2, 'rf__n_estimators': 400}",0.9153439153439153,0.9581699346405229,0.9581699346405229,0.9581699346405229,0.9581699346405229,0.9496047307812014,0.017130407718643024,21
0.8633273601531982,0.050360544463713165,0.11198773384094238,0.0020122699126651055,3,sqrt,2,200,"{'rf__max_depth': 3, 'rf__max_features': 'sqrt', 'rf__min_samples_split': 2, 'rf__n_estimators': 200}",0.9153439153439153,0.9581699346405229,0.9581699346405229,0.9581699346405229,0.9581699346405229,0.9496047307812014,0.017130407718643024,21
0.8879106998443603,0.019855111458336763,0.1640953540802002,0.02103108905871551,,sqrt,2,200,"{'rf__max_depth': None, 'rf__max_features': 'sqrt', 'rf__min_samples_split': 2, 'rf__n_estimators': 200}",0.9153439153439153,0.9581699346405229,0.9581699346405229,0.9581699346405229,0.9581699346405229,0.9496047307812014,0.017130407718643024,21
0.5213398933410645,0.03653931177588747,0.0963810920715332,0.020087649503427472,,sqrt,2,100,"{'rf__max_depth': None, 'rf__max_features': 'sqrt', 'rf__min_samples_split': 2, 'rf__n_estimators': 100}",0.9153439153439153,0.9581699346405229,0.9581699346405229,0.9581699346405229,0.9581699346405229,0.9496047307812014,0.017130407718643024,21
0.897113561630249,0.020384761505220603,0.12700037956237792,0.009662928587156895,,,2,200,"{'rf__max_depth': None, 'rf__max_features': None, 'rf__min_samples_split': 2, 'rf__n_estimators': 200}",0.9153439153439153,0.9581699346405229,0.9581699346405229,0.9581699346405229,0.9581699346405229,0.9496047307812014,0.017130407718643024,21
0.8775845527648926,0.04966219986072364,0.11374573707580567,0.00375327937655559,,log2,5,200,"{'rf__max_depth': None, 'rf__max_features': 'log2', 'rf__min_samples_split': 5, 'rf__n_estimators': 200}",0.9153439153439153,0.9581699346405229,0.9581699346405229,0.9581699346405229,0.9581699346405229,0.9496047307812014,0.017130407718643024,21
1.6621596336364746,0.05132679249139198,0.1891634464263916,0.005626724063155133,,log2,5,400,"{'rf__max_depth': None, 'rf__max_features': 'log2', 'rf__min_samples_split': 5, 'rf__n_estimators': 400}",0.9153439153439153,0.9581699346405229,0.9581699346405229,0.9581699346405229,0.9581699346405229,0.9496047307812014,0.017130407718643024,21
0.878226375579834,0.04291471598869987,0.12063112258911132,0.008248264330627798,,log2,10,200,"{'rf__max_depth': None, 'rf__max_features': 'log2', 'rf__min_samples_split': 10, 'rf__n_estimators': 200}",0.9153439153439153,0.9581699346405229,0.9581699346405229,0.9581699346405229,0.9581699346405229,0.9496047307812014,0.017130407718643024,21
0.4405076026916504,0.019369654240541483,0.09033784866333008,0.011203740550430817,,,2,100,"{'rf__max_depth': None, 'rf__max_features': None, 'rf__min_samples_split': 2, 'rf__n_estimators': 100}",0.9153439153439153,0.9581699346405229,0.9581699346405229,0.9581699346405229,0.9581699346405229,0.9496047307812014,0.017130407718643024,21
0.4371024131774902,0.015477685691655649,0.08603963851928711,0.020467785893991054,,log2,5,100,"{'rf__max_depth': None, 'rf__max_features': 'log2', 'rf__min_samples_split': 5, 'rf__n_estimators': 100}",0.9153439153439153,0.9581699346405229,0.9581699346405229,0.9581699346405229,0.9581699346405229,0.9496047307812014,0.017130407718643024,21
1.01788649559021,0.06766773134854773,0.13541646003723146,0.01459488561222963,10,,2,200,"{'rf__max_depth': 10, 'rf__max_features': None, 'rf__min_samples_split': 2, 'rf__n_estimators': 200}",0.9153439153439153,0.9581699346405229,0.9581699346405229,0.9581699346405229,0.9581699346405229,0.9496047307812014,0.017130407718643024,21
1.8665630340576171,0.10012200056479473,0.21258015632629396,0.020259963443076446,10,,2,400,"{'rf__max_depth': 10, 'rf__max_features': None, 'rf__min_samples_split': 2, 'rf__n_estimators': 400}",0.9153439153439153,0.9581699346405229,0.9581699346405229,0.9581699346405229,0.9581699346405229,0.9496047307812014,0.017130407718643024,21
0.9672419548034668,0.06173108550887949,0.14087262153625488,0.010102741505269127,10,log2,10,200,"{'rf__max_depth': 10, 'rf__max_features': 'log2', 'rf__min_samples_split': 10, 'rf__n_estimators': 200}",0.9153439153439153,0.9581699346405229,0.9581699346405229,0.9581699346405229,0.9581699346405229,0.9496047307812014,0.017130407718643024,21
0.48397111892700195,0.023559894905134243,0.11718902587890626,0.013212101227637628,10,,2,100,"{'rf__max_depth': 10, 'rf__max_features': None, 'rf__min_samples_split': 2, 'rf__n_estimators': 100}",0.9153439153439153,0.9581699346405229,0.9581699346405229,0.9581699346405229,0.9581699346405229,0.9496047307812014,0.017130407718643024,21
1.017373275756836,0.022077732378720506,0.13473043441772461,0.007922955073745186,10,log2,5,200,"{'rf__max_depth': 10, 'rf__max_features': 'log2', 'rf__min_samples_split': 5, 'rf__n_estimators': 200}",0.9153439153439153,0.9581699346405229,0.9581699346405229,0.9581699346405229,0.9581699346405229,0.9496047307812014,0.017130407718643024,21
1.8683692932128906,0.11810080686286215,0.2178863525390625,0.018564053778241503,10,log2,2,400,"{'rf__max_depth': 10, 'rf__max_features': 'log2', 'rf__min_samples_split': 2, 'rf__n_estimators': 400}",0.9153439153439153,0.9581699346405229,0.9581699346405229,0.9581699346405229,0.9581699346405229,0.9496047307812014,0.017130407718643024,21
